id,neighbourhood group,neighbourhood,lat,long,country,instant_bookable,cancellation_policy,room type,construction year,price,service fee,minimum nights,availability 365
27883434,Queens,Ozone Park,40.68432,-73.85862,United States,False,moderate,Private room,2006.0,$ 519,$ 104,1.0,
55448727,Manhattan,Civic Center,40.71317,-74.00654,United States,False,moderate,Entire home/apt,2006.0,$ 987,$ 197,2.0,42.0
56858749,Queens,East Elmhurst,40.76441,-73.88943,,True,flexible,Private room,2018.0,$ 999,$ 200,2.0,0.0
39029953,Manhattan,Gramercy,40.73442,-73.98383,United States,True,strict,Private room,2011.0,$ 497,$ 99,4.0,0.0
5567200,Manhattan,Upper West Side,40.7966,-73.97154,United States,True,strict,Entire home/apt,2022.0,$ 820,$ 164,4.0,376.0
18931756,Manhattan,Chelsea,40.74222,-73.99444,United States,False,flexible,Entire home/apt,2012.0,"$ 1,11",$ 221,29.0,220.0
19445947,Brooklyn,Williamsburg,40.7164,-73.95438,United States,True,moderate,Entire home/apt,2014.0,$ 913,$ 183,7.0,0.0
17607892,Queens,Jackson Heights,40.74879,-73.88342,United States,False,flexible,Private room,2008.0,$ 238,$ 48,1.0,5.0
46760496,Manhattan,Midtown,40.75287,-73.97352,United States,True,moderate,Private room,2006.0,$ 930,$ 186,3.0,357.0
8196700,Manhattan,Midtown,40.74673,-73.98667,United States,False,strict,Private room,2021.0,$ 987,$ 197,1.0,70.0
40856961,Manhattan,Lower East Side,40.71846,-73.98672,United States,True,strict,Private room,2012.0,$ 822,$ 164,4.0,0.0
17612863,Manhattan,Chelsea,40.75115,-73.99787,United States,False,strict,Private room,2006.0,$ 901,$ 180,7.0,31.0
50201325,Manhattan,Harlem,40.80869,-73.94205,United States,True,moderate,Entire home/apt,2005.0,$ 249,$ 50,4.0,96.0
21830226,Manhattan,Roosevelt Island,40.76414,-73.949,United States,True,strict,Private room,2007.0,$ 997,$ 199,4.0,362.0
34831920,Brooklyn,Bensonhurst,40.6056,-73.99929,United States,True,strict,Entire home/apt,2017.0,$ 888,$ 178,3.0,166.0
25415205,Brooklyn,Flatbush,40.63981,-73.96534,United States,False,strict,Entire home/apt,2006.0,$ 264,$ 53,90.0,49.0
32681816,Brooklyn,Bushwick,40.68378,-73.90723,United States,True,moderate,Private room,2004.0,$ 263,$ 53,2.0,353.0
22787362,Manhattan,Upper West Side,40.79167,-73.97864,United States,False,moderate,Entire home/apt,2020.0,$ 288,$ 58,1.0,87.0
37074811,Manhattan,Washington Heights,40.8358,-73.93747,United States,False,moderate,Entire home/apt,2004.0,$ 144,$ 29,30.0,48.0
41428039,Brooklyn,Kensington,40.64588,-73.97831,United States,False,flexible,Private room,2018.0,$ 124,$ 25,2.0,0.0
28438495,Brooklyn,Bushwick,40.69175,-73.90687,United States,False,flexible,Private room,2014.0,$ 352,$ 70,1.0,89.0
55481313,Queens,Ridgewood,40.70602,-73.90485,United States,False,flexible,Entire home/apt,2009.0,$ 89,$ 18,5.0,0.0
49427000,Manhattan,Midtown,40.74205,-73.98382,United States,False,moderate,Private room,2015.0,$ 231,$ 46,2.0,0.0
53974638,Brooklyn,Boerum Hill,40.68696,-73.98174,United States,True,strict,Entire home/apt,2009.0,"$ 1,19",$ 237,2.0,0.0
15957068,Manhattan,East Harlem,40.78671,-73.94153,United States,True,flexible,Private room,2015.0,$ 649,$ 130,14.0,55.0
29211163,Brooklyn,East New York,40.67606,-73.87935,United States,True,flexible,Entire home/apt,2015.0,$ 427,$ 85,1.0,127.0
47953464,Manhattan,Gramercy,40.73375,-73.98704,United States,True,moderate,Entire home/apt,2004.0,$ 615,$ 123,3.0,-2.0
39875524,Brooklyn,Bedford-Stuyvesant,40.68854,-73.95742,United States,False,moderate,Entire home/apt,2010.0,$ 659,$ 132,2.0,23.0
37129488,Manhattan,Kips Bay,40.74326,-73.97353,United States,True,moderate,Entire home/apt,2011.0,$ 502,$ 100,30.0,309.0
23427478,Brooklyn,Williamsburg,40.70505,-73.934,United States,True,moderate,Private room,2009.0,"$ 1,15",$ 230,4.0,12.0
19092475,Manhattan,East Harlem,40.79059,-73.94332,United States,True,strict,Private room,2004.0,$ 827,$ 165,14.0,0.0
21594946,Brooklyn,Williamsburg,40.71018,-73.94671,United States,False,moderate,Private room,2014.0,$ 695,$ 139,1.0,0.0
47400611,Queens,Astoria,40.76898,-73.91607,United States,False,moderate,Private room,2007.0,$ 129,$ 26,1.0,0.0
13262396,Brooklyn,Crown Heights,40.67689,-73.95079,United States,True,strict,Private room,2017.0,"$ 1,17",$ 234,3.0,0.0
43487566,Queens,Ridgewood,40.70735,-73.89343,United States,True,moderate,Private room,2020.0,"$ 1,00",$ 200,7.0,89.0
17826051,Manhattan,Inwood,40.87188,-73.91936,United States,False,flexible,Entire home/apt,2022.0,$ 943,$ 189,1.0,188.0
46279995,Manhattan,East Village,40.72592,-73.98862,United States,False,flexible,Entire home/apt,2011.0,$ 155,$ 31,2.0,0.0
3255272,Manhattan,Upper West Side,40.79071,-73.97408,United States,True,flexible,Entire home/apt,2003.0,$ 842,$ 168,3.0,397.0
48247840,Manhattan,Upper East Side,40.76625,-73.9539,United States,True,strict,Private room,2016.0,$ 150,$ 30,2.0,186.0
1791125,Manhattan,Hell's Kitchen,40.76206,-73.9998,United States,False,strict,Entire home/apt,2018.0,$ 984,$ 197,30.0,278.0
39617600,Brooklyn,Prospect Heights,40.67708,-73.96649,United States,False,flexible,Entire home/apt,2019.0,$ 432,$ 86,4.0,95.0
36968217,Brooklyn,Red Hook,40.67879,-74.00772,United States,True,flexible,Private room,2008.0,$ 664,$ 133,5.0,5.0
37589002,Brooklyn,Bedford-Stuyvesant,40.69885,-73.93885,United States,False,strict,Private room,2015.0,$ 422,$ 84,30.0,0.0
37987762,Queens,Corona,40.73763,-73.86533,United States,True,strict,Private room,2009.0,$ 613,$ 123,30.0,0.0
19848021,Brooklyn,Windsor Terrace,40.65639,-73.98242,United States,True,strict,Entire home/apt,2010.0,$ 418,$ 84,1.0,0.0
10481566,Brooklyn,Bushwick,40.70458,-73.92031,United States,False,strict,Entire home/apt,2017.0,"$ 1,02",$ 204,7.0,0.0
12704573,Manhattan,Harlem,40.81884,-73.94579,United States,False,moderate,Private room,2007.0,$ 118,$ 24,3.0,87.0
9625501,Brooklyn,Bushwick,40.68601,-73.91167,United States,True,strict,Private room,2014.0,$ 888,$ 178,3.0,374.0
16924145,Manhattan,West Village,40.73612,-74.00828,United States,False,strict,Entire home/apt,2003.0,$ 931,$ 186,3.0,0.0
45394105,Brooklyn,Williamsburg,40.71258,-73.96341,United States,True,moderate,Private room,2004.0,$ 177,$ 35,2.0,2.0
47730334,Brooklyn,Williamsburg,40.70998,-73.94854,United States,False,moderate,Entire home/apt,2016.0,$ 546,$ 109,2.0,302.0
55088627,Manhattan,Hell's Kitchen,40.75655,-73.99535,United States,False,strict,Private room,2020.0,$ 793,$ 159,1.0,36.0
40252192,Brooklyn,Williamsburg,40.70617,-73.93761,United States,False,strict,Shared room,2020.0,"$ 1,01",$ 203,1.0,75.0
53045117,Bronx,Kingsbridge,40.87997,-73.90035,United States,False,flexible,Private room,2022.0,$ 157,$ 31,3.0,64.0
29145992,Queens,Springfield Gardens,40.66642,-73.75566,United States,True,strict,Entire home/apt,2019.0,$ 559,$ 112,4.0,172.0
9310690,Brooklyn,Williamsburg,40.71214,-73.96866,United States,True,flexible,Entire home/apt,2014.0,$ 158,$ 32,3.0,9.0
27717192,Queens,Astoria,40.759,-73.9159,United States,False,flexible,Entire home/apt,2011.0,$ 898,$ 180,3.0,32.0
30015864,Brooklyn,East Flatbush,40.64937,-73.9502,United States,True,strict,Entire home/apt,2007.0,"$ 1,12",$ 225,2.0,41.0
34414934,Brooklyn,Park Slope,40.67511,-73.98272,,False,strict,Entire home/apt,2004.0,"$ 1,09",$ 218,30.0,275.0
1603895,Brooklyn,Williamsburg,40.7061,-73.94531,United States,False,moderate,Private room,2020.0,$ 700,$ 140,4.0,407.0
25292595,Brooklyn,Williamsburg,40.70631,-73.94467,United States,False,strict,Private room,2019.0,"$ 1,10",$ 220,30.0,333.0
24535391,Manhattan,Murray Hill,40.74613,-73.97528,United States,True,moderate,Entire home/apt,2007.0,$ 614,$ 123,3.0,270.0
24328831,Brooklyn,Bedford-Stuyvesant,40.68743,-73.94451,United States,False,strict,Private room,2003.0,$ 965,$ 193,7.0,4.0
41662214,Manhattan,Upper West Side,40.79114,-73.9671,United States,True,strict,Private room,2016.0,"$ 1,11",$ 221,4.0,63.0
18232544,Brooklyn,Greenpoint,40.72552,-73.95647,United States,False,flexible,Private room,2019.0,$ 527,$ 105,1.0,14.0
34234332,Manhattan,Tribeca,40.71922,-74.00276,United States,False,moderate,Entire home/apt,2022.0,"$ 1,04",$ 208,3.0,242.0
31098925,Brooklyn,Bedford-Stuyvesant,40.67998,-73.91396,United States,True,moderate,Private room,2013.0,$ 736,$ 147,1.0,70.0
10502001,Manhattan,Battery Park City,40.71617,-74.01468,United States,False,moderate,Private room,2006.0,$ 312,$ 62,1.0,0.0
7767563,Manhattan,Chinatown,40.71564,-73.99169,United States,True,strict,Entire home/apt,2013.0,$ 274,$ 55,1.0,97.0
43554394,Brooklyn,Bedford-Stuyvesant,40.69543,-73.94448,United States,True,strict,Private room,2017.0,$ 308,$ 62,2.0,89.0
15652198,Bronx,Mott Haven,40.80762,-73.92454,United States,False,flexible,Entire home/apt,2004.0,$ 642,$ 128,2.0,130.0
7004837,Manhattan,Harlem,40.80311,-73.94858,United States,False,strict,Private room,2012.0,$ 329,$ 66,3.0,362.0
51019281,Manhattan,Midtown,40.75183,-73.97337,United States,False,strict,Private room,2005.0,$ 488,$ 98,3.0,365.0
16407192,Manhattan,Harlem,40.82502,-73.94919,United States,True,moderate,Entire home/apt,2020.0,$ 592,$ 118,12.0,0.0
24746922,Brooklyn,Bedford-Stuyvesant,40.6914,-73.93046,United States,False,moderate,Private room,2018.0,"$ 1,20",$ 240,2.0,254.0
12420691,Brooklyn,Fort Greene,40.69613,-73.97364,United States,True,strict,Private room,2018.0,$ 240,$ 48,3.0,0.0
11194033,Brooklyn,Boerum Hill,40.68882,-73.98629,United States,False,moderate,Entire home/apt,2013.0,$ 380,$ 76,2.0,0.0
8163010,Bronx,Mott Haven,40.81192,-73.90949,United States,False,moderate,Private room,2022.0,$ 89,$ 18,3.0,278.0
39050388,Queens,Astoria,40.76403,-73.90612,United States,False,flexible,Entire home/apt,2021.0,$ 802,$ 160,2.0,307.0
29615999,Brooklyn,Williamsburg,40.71335,-73.9523,United States,True,flexible,Entire home/apt,2012.0,"$ 1,05",$ 210,2.0,19.0
39911976,Manhattan,Washington Heights,40.83535,-73.94334,United States,True,strict,Private room,2019.0,$ 672,$ 134,7.0,272.0
27307937,Manhattan,Midtown,40.74894,-73.98788,United States,True,flexible,Entire home/apt,2005.0,"$ 1,06",$ 212,1.0,264.0
49798146,Manhattan,Kips Bay,40.74496,-73.97867,United States,False,strict,Private room,2004.0,$ 645,$ 129,2.0,20.0
5869308,Brooklyn,Brooklyn Heights,40.69009,-73.99355,United States,False,moderate,Entire home/apt,2019.0,"$ 1,07",$ 215,3.0,219.0
6624302,Manhattan,East Village,40.72822,-73.98639,United States,True,flexible,Entire home/apt,2011.0,$ 843,$ 169,4.0,158.0
13323149,Manhattan,East Village,40.72886,-73.9883,United States,True,flexible,Private room,2013.0,$ 761,$ 152,1.0,0.0
20051268,Brooklyn,Fort Greene,40.68712,-73.97768,United States,False,moderate,Entire home/apt,2003.0,$ 634,$ 127,20.0,0.0
21254729,Brooklyn,Bushwick,40.70328,-73.92006,United States,False,flexible,Private room,2016.0,"$ 1,00",$ 200,2.0,10.0
7629488,Brooklyn,Bedford-Stuyvesant,40.68534,-73.95709,United States,True,flexible,Private room,2019.0,$ 808,$ 162,,246.0
35259400,Manhattan,Financial District,40.70685,-74.01474,United States,True,strict,Entire home/apt,2020.0,$ 192,$ 38,30.0,347.0
41996356,Brooklyn,Bushwick,40.69169,-73.90429,United States,True,strict,Private room,2012.0,$ 401,$ 80,1.0,0.0
8687143,Brooklyn,Fort Greene,40.69406,-73.98102,United States,True,flexible,Entire home/apt,2012.0,$ 367,$ 73,3.0,93.0
31261301,Queens,Springfield Gardens,40.68607,-73.75455,United States,False,flexible,Entire home/apt,2008.0,$ 171,$ 34,,353.0
12659284,Manhattan,Chinatown,40.71423,-73.99442,United States,True,moderate,Entire home/apt,2011.0,$ 445,$ 89,1.0,1.0
11455823,Manhattan,Upper West Side,40.77201,-73.97994,United States,False,strict,Private room,2007.0,$ 216,$ 43,3.0,246.0
45299110,Manhattan,Financial District,40.70586,-74.00875,United States,False,flexible,Private room,2016.0,$ 115,$ 23,1.0,0.0
53707877,Manhattan,East Harlem,40.78703,-73.94741,United States,False,strict,Entire home/apt,2021.0,$ 114,$ 23,4.0,38.0
2947089,Manhattan,Theater District,40.76263,-73.98271,United States,True,flexible,Entire home/apt,2014.0,"$ 1,19",$ 238,4.0,106.0
36838978,Manhattan,Upper East Side,40.76418,-73.96742,United States,True,strict,Entire home/apt,2011.0,"$ 1,18",$ 236,30.0,87.0
52111178,Brooklyn,Greenpoint,40.72904,-73.94885,United States,True,moderate,Private room,2008.0,$ 990,$ 198,5.0,0.0
25335674,Manhattan,Financial District,40.70776,-74.01169,United States,False,flexible,Entire home/apt,2018.0,$ 500,$ 100,2.0,328.0
53722789,Manhattan,Harlem,40.80462,-73.95622,United States,True,moderate,Entire home/apt,2016.0,$ 394,$ 79,2.0,90.0
13038715,Brooklyn,Bedford-Stuyvesant,40.69499,-73.94822,United States,False,flexible,Private room,2015.0,$ 701,$ 140,5.0,63.0
10362821,Manhattan,Midtown,40.75823,-73.96453,United States,False,strict,Entire home/apt,2014.0,$ 783,$ 157,1.0,417.0
4380307,Manhattan,Chinatown,40.71759,-73.9922,United States,True,moderate,Entire home/apt,2021.0,$ 307,$ 61,2.0,63.0
23888096,Brooklyn,Clinton Hill,40.69344,-73.9652,United States,False,flexible,Entire home/apt,2012.0,$ 409,$ 82,4.0,40.0
44903111,Queens,Astoria,40.75729,-73.91591,United States,False,strict,Private room,2012.0,$ 103,$ 21,22.0,69.0
43410244,Brooklyn,Park Slope,40.67829,-73.97891,United States,False,flexible,Entire home/apt,2004.0,$ 693,$ 139,1.0,0.0
57066414,Manhattan,Upper East Side,40.78471,-73.95054,United States,True,strict,Private room,2007.0,$ 284,$ 57,4.0,188.0
29634225,Queens,Ozone Park,40.68488653,-73.8419374,United States,True,strict,Entire home/apt,2007.0,$ 481,$ 96,2.0,48.0
39836863,Brooklyn,Brooklyn Heights,40.70162,-73.99465,United States,True,strict,Entire home/apt,2015.0,"$ 1,04",$ 208,180.0,365.0
56376591,Manhattan,Harlem,40.80695,-73.94982,United States,True,strict,Entire home/apt,2017.0,$ 662,$ 132,2.0,21.0
7988483,Bronx,Riverdale,40.88422,-73.90886,United States,True,strict,Entire home/apt,2010.0,$ 937,$ 187,1.0,-9.0
9830404,Manhattan,Hell's Kitchen,40.76172,-73.99706,United States,True,moderate,Entire home/apt,2012.0,$ 838,$ 168,1.0,363.0
29885521,Brooklyn,Greenpoint,40.72317,-73.94553,United States,False,strict,Entire home/apt,2014.0,$ 716,$ 143,4.0,7.0
57145393,Manhattan,Hell's Kitchen,40.76269,-73.99139,United States,False,strict,Entire home/apt,2006.0,$ 976,$ 195,7.0,23.0
35274313,Brooklyn,Bedford-Stuyvesant,40.68487,-73.93477,United States,False,moderate,Private room,2017.0,$ 159,$ 32,1.0,180.0
15971428,Brooklyn,Crown Heights,40.67506,-73.94828,United States,False,flexible,Entire home/apt,2014.0,$ 834,$ 167,3.0,0.0
54537984,Queens,St. Albans,40.68988,-73.76308,,False,flexible,Private room,2003.0,"$ 1,10",$ 220,1.0,364.0
43199265,Queens,East Elmhurst,40.75849,-73.87068,United States,True,moderate,Private room,2016.0,$ 634,$ 127,1.0,153.0
15273320,Brooklyn,Greenpoint,40.72546,-73.95558,United States,True,strict,Private room,2018.0,"$ 1,11",$ 222,1.0,359.0
21283449,Brooklyn,Bedford-Stuyvesant,40.69261,-73.95706,United States,False,flexible,Private room,2015.0,$ 339,$ 68,2.0,313.0
15967009,Brooklyn,Bedford-Stuyvesant,40.68623,-73.93807,United States,False,strict,Entire home/apt,2014.0,$ 348,$ 70,2.0,70.0
10712979,Manhattan,Hell's Kitchen,40.76404,-73.9926,United States,True,flexible,Private room,2004.0,$ 951,$ 190,2.0,308.0
56699134,Manhattan,Upper West Side,40.78142,-73.98418,United States,False,moderate,Private room,2003.0,$ 75,$ 15,3.0,0.0
34379587,Manhattan,Hell's Kitchen,40.76206,-73.9939,,True,strict,Entire home/apt,2021.0,$ 925,$ 185,60.0,78.0
48176041,Manhattan,Chelsea,40.74137,-74.00399,United States,False,strict,Entire home/apt,2004.0,$ 139,$ 28,4.0,154.0
40742083,Manhattan,Harlem,40.82651,-73.94871,United States,False,flexible,Entire home/apt,2012.0,$ 840,$ 168,3.0,264.0
40535522,Brooklyn,Flatbush,40.65036,-73.96306,United States,False,strict,Private room,2018.0,$ 689,$ 138,1.0,0.0
48897897,Manhattan,Upper West Side,40.79875,-73.97128,United States,False,flexible,Private room,2004.0,$ 720,$ 144,1.0,63.0
21867230,Manhattan,Midtown,40.76239,-73.97444,United States,True,flexible,Entire home/apt,2014.0,$ 749,$ 150,2.0,192.0
40432242,Manhattan,East Village,40.72168,-73.98418,United States,True,moderate,Entire home/apt,2019.0,$ 601,$ 120,7.0,0.0
7456618,Manhattan,East Village,40.72742,-73.98968,United States,False,strict,Entire home/apt,2009.0,$ 928,$ 186,5.0,376.0
21776101,Manhattan,Lower East Side,40.71918,-73.98525,United States,True,moderate,Entire home/apt,2019.0,$ 327,$ 65,1.0,143.0
28578780,Brooklyn,Williamsburg,40.7045,-73.93594,United States,True,strict,Private room,2004.0,$ 964,$ 193,1.0,23.0
41970950,Brooklyn,Cypress Hills,40.68446,-73.87801,United States,True,moderate,Private room,2003.0,$ 289,$ 58,4.0,307.0
21000119,Brooklyn,Bedford-Stuyvesant,40.69336,-73.93857,United States,False,flexible,Private room,2020.0,$ 137,$ 27,2.0,333.0
49839568,Queens,Long Island City,40.74493,-73.94679,United States,False,flexible,Private room,2011.0,"$ 1,08",$ 215,1.0,337.0
48478701,Manhattan,Chelsea,40.74574,-73.99633,United States,True,strict,Entire home/apt,2007.0,$ 472,$ 94,2.0,373.0
28788101,Manhattan,Harlem,40.8103,-73.94372,United States,False,moderate,Private room,2016.0,$ 168,$ 34,5.0,111.0
24635910,Queens,Jamaica,40.66971,-73.78583,United States,True,flexible,Entire home/apt,2004.0,$ 958,$ 192,1.0,319.0
30667578,Manhattan,Midtown,40.74653,-73.98878,United States,True,flexible,Entire home/apt,2003.0,$ 622,$ 124,1.0,235.0
43397541,Brooklyn,Williamsburg,40.71326,-73.94947,United States,True,flexible,Private room,2011.0,$ 766,$ 153,1.0,352.0
13361810,Manhattan,Upper East Side,40.77581,-73.956,United States,False,flexible,Entire home/apt,2007.0,$ 323,$ 65,7.0,207.0
39475659,Manhattan,Chelsea,40.74272,-74.00309,United States,False,strict,Entire home/apt,2022.0,$ 554,$ 111,3.0,5.0
54998602,Brooklyn,Williamsburg,40.70666,-73.96629,United States,True,strict,Entire home/apt,2009.0,$ 967,$ 193,4.0,117.0
10700276,Manhattan,Kips Bay,40.74077,-73.98245,United States,True,flexible,Private room,2012.0,"$ 1,11",$ 222,1.0,0.0
19713812,Brooklyn,Cypress Hills,40.67859,-73.89936,United States,True,flexible,Entire home/apt,2021.0,"$ 1,19",$ 238,2.0,99.0
14118461,Manhattan,Harlem,40.80063,-73.95389,United States,True,flexible,Private room,2004.0,$ 300,$ 60,4.0,242.0
4684072,Manhattan,West Village,40.73245,-74.00275,United States,True,strict,Entire home/apt,2014.0,$ 114,$ 23,2.0,125.0
12200875,Manhattan,Murray Hill,40.75089,-73.98059,United States,False,moderate,Entire home/apt,2012.0,"$ 1,04",$ 208,30.0,134.0
41006634,Brooklyn,Prospect-Lefferts Gardens,40.65961,-73.96177,United States,True,strict,Entire home/apt,2003.0,$ 56,$ 11,30.0,43.0
35600170,Queens,Long Island City,40.76203,-73.92874,United States,False,strict,Entire home/apt,2017.0,$ 265,$ 53,30.0,28.0
24654136,Brooklyn,Clinton Hill,40.69316,-73.96773,United States,True,strict,Private room,2008.0,"$ 1,14",$ 228,1.0,179.0
27217360,Queens,Astoria,40.76375,-73.91061,United States,False,flexible,Private room,2019.0,$ 703,$ 141,7.0,222.0
18504828,Manhattan,Washington Heights,40.83418,-73.94088,United States,False,strict,Shared room,2020.0,$ 146,$ 29,1.0,89.0
42384070,Queens,East Elmhurst,40.76292,-73.87906,United States,False,strict,Private room,2004.0,$ 502,$ 100,3.0,37.0
14678493,Manhattan,Washington Heights,40.83495,-73.94406,United States,True,strict,Private room,2019.0,"$ 1,12",$ 224,4.0,31.0
12084340,Manhattan,Chinatown,40.71608,-73.99233,United States,False,moderate,Private room,2008.0,"$ 1,18",$ 237,4.0,0.0
31580530,Brooklyn,Greenpoint,40.72805,-73.95248,United States,True,strict,Entire home/apt,2007.0,$ 625,$ 125,3.0,306.0
17547692,Manhattan,East Village,40.72998,-73.9839,United States,False,moderate,Entire home/apt,2017.0,$ 596,$ 119,2.0,0.0
46191627,Manhattan,East Harlem,40.80668,-73.93828,United States,True,strict,Private room,2004.0,$ 724,$ 145,1.0,161.0
52706557,Manhattan,Upper West Side,40.77606,-73.97803,United States,False,flexible,Private room,2008.0,"$ 1,07",$ 214,1.0,269.0
41522482,Queens,Sunnyside,40.74457,-73.92307,United States,True,moderate,Shared room,2003.0,$ 821,$ 164,1.0,5.0
23205453,Manhattan,East Village,40.73071,-73.98858,United States,True,strict,Entire home/apt,2012.0,"$ 1,08",$ 216,3.0,148.0
55827052,Bronx,Pelham Bay,40.85413,-73.83065,United States,True,moderate,Entire home/apt,2010.0,$ 166,$ 33,2.0,301.0
7802911,Brooklyn,Bedford-Stuyvesant,40.68481,-73.92763,United States,False,strict,Entire home/apt,2019.0,$ 214,$ 43,80.0,419.0
7215263,Brooklyn,South Slope,40.66852,-73.9895,United States,False,flexible,Private room,2013.0,$ 705,$ 141,1.0,57.0
2450571,Manhattan,East Village,40.72383,-73.9829,United States,True,strict,Private room,2003.0,"$ 1,07",$ 214,3.0,337.0
34290114,Manhattan,Upper West Side,40.78642,-73.97003,United States,False,flexible,Entire home/apt,2005.0,"$ 1,02",$ 204,4.0,0.0
29418828,Brooklyn,Bedford-Stuyvesant,40.68409,-73.91581,United States,True,moderate,Entire home/apt,2021.0,$ 854,$ 171,3.0,0.0
5935032,Brooklyn,Greenpoint,40.72982,-73.95503,United States,True,flexible,Entire home/apt,2016.0,"$ 1,01",$ 201,3.0,341.0
33372744,Brooklyn,Crown Heights,40.67672,-73.95844,United States,False,strict,Entire home/apt,2012.0,$ 201,$ 40,14.0,365.0
3065833,Manhattan,Tribeca,40.7196,-74.00571,United States,True,moderate,Entire home/apt,2022.0,$ 444,$ 89,30.0,359.0
11735287,Queens,Ditmars Steinway,40.77508,-73.91231,United States,False,flexible,Entire home/apt,2003.0,$ 261,$ 52,18.0,0.0
51171716,Brooklyn,Red Hook,40.67575,-74.01183,United States,False,moderate,Entire home/apt,2008.0,$ 117,$ 23,2.0,222.0
30155044,Manhattan,West Village,40.73723,-74.00507,United States,False,moderate,Hotel room,2019.0,$ 490,$ 98,1.0,282.0
28983063,Manhattan,Financial District,40.71112,-74.01107,United States,True,moderate,Private room,2012.0,"$ 1,10",$ 220,1.0,280.0
17757566,Manhattan,Hell's Kitchen,40.76,-73.98962,United States,True,flexible,Entire home/apt,2011.0,$ 926,$ 185,3.0,0.0
21391147,Brooklyn,East New York,40.66957,-73.86585,United States,True,flexible,Entire home/apt,2013.0,$ 746,$ 149,1.0,175.0
19622683,Manhattan,Harlem,40.80705,-73.95582,United States,True,moderate,Private room,2015.0,$ 977,$ 195,2.0,13.0
15524065,Brooklyn,Williamsburg,40.71168,-73.96338,United States,False,moderate,Entire home/apt,2018.0,$ 515,$ 103,3.0,0.0
22460953,Queens,Long Island City,40.75256,-73.93671,United States,False,strict,Entire home/apt,2013.0,$ 168,$ 34,6.0,105.0
45051127,Brooklyn,Bedford-Stuyvesant,40.69314,-73.9449,United States,True,moderate,Private room,2018.0,"$ 1,01",$ 202,1.0,89.0
20987416,Brooklyn,Crown Heights,40.676,-73.92283,United States,False,flexible,Entire home/apt,2019.0,$ 172,$ 34,1.0,287.0
33534568,Queens,Ozone Park,40.67556,-73.84683,United States,False,moderate,Entire home/apt,2021.0,$ 234,$ 47,3.0,341.0
6514395,Brooklyn,Prospect Heights,40.67309,-73.96354,United States,False,flexible,Entire home/apt,2018.0,"$ 1,15",$ 230,3.0,194.0
11141564,Manhattan,Financial District,40.71097,-74.01397,United States,True,strict,Entire home/apt,2021.0,$ 813,$ 163,1.0,0.0
9283075,Manhattan,East Village,40.72175,-73.98088,United States,False,flexible,Entire home/apt,2003.0,$ 559,$ 112,3.0,360.0
2379877,Brooklyn,Brooklyn Heights,40.70117,-73.99147,United States,True,moderate,Private room,2012.0,$ 884,$ 177,1.0,165.0
21694912,Manhattan,Midtown,40.7637,-73.97422,United States,False,flexible,Private room,2009.0,$ 444,$ 89,2.0,217.0
18652844,Brooklyn,Canarsie,40.64432,-73.90556,United States,True,flexible,Entire home/apt,2016.0,$ 354,$ 71,5.0,90.0
39337584,Manhattan,Upper East Side,40.77761,-73.94606,United States,True,flexible,Private room,2015.0,$ 578,$ 116,30.0,128.0
21272403,Manhattan,Upper West Side,40.78833,-73.97182,United States,False,moderate,Entire home/apt,2012.0,$ 521,$ 104,30.0,118.0
15438458,Brooklyn,Bushwick,40.69813,-73.91991,United States,True,moderate,Private room,2019.0,$ 303,$ 61,7.0,0.0
37110710,Brooklyn,Crown Heights,40.67262,-73.95039,United States,True,flexible,Entire home/apt,2017.0,$ 958,$ 192,30.0,0.0
51913455,Brooklyn,Flatbush,40.64488,-73.96889,United States,True,flexible,Private room,2022.0,$ 453,$ 91,1.0,0.0
40589648,Manhattan,Upper West Side,40.79397,-73.97376,United States,False,flexible,Entire home/apt,2022.0,$ 215,$ 43,3.0,0.0
4785696,Queens,Sunnyside,40.74383,-73.92077,United States,True,flexible,Private room,2006.0,$ 602,$ 120,15.0,173.0
1474105,Manhattan,Harlem,40.80637,-73.95433,United States,False,strict,Private room,2009.0,$ 867,$ 173,2.0,195.0
3825246,Manhattan,Harlem,40.80677,-73.94977,United States,True,strict,Entire home/apt,2003.0,$ 814,$ 163,2.0,78.0
52883846,Brooklyn,Bedford-Stuyvesant,40.68491,-73.93399,United States,True,strict,Private room,2015.0,$ 244,$ 49,6.0,21.0
46676546,Brooklyn,Greenpoint,40.72767,-73.95084,United States,True,moderate,Private room,2016.0,$ 737,$ 147,5.0,0.0
43761507,Manhattan,Chinatown,40.71521,-73.99169,United States,False,moderate,Private room,2019.0,$ 592,$ 118,2.0,105.0
33502534,Manhattan,East Harlem,40.79848,-73.94188,United States,True,moderate,Private room,2020.0,"$ 1,11",$ 223,3.0,236.0
33666015,Queens,Kew Gardens,40.7084,-73.82665,United States,False,moderate,Private room,2016.0,$ 589,$ 118,3.0,365.0
50592905,Brooklyn,Flatbush,40.64693,-73.95944,United States,False,moderate,Private room,2015.0,"$ 1,16",$ 232,14.0,0.0
56408072,Queens,Middle Village,40.71157,-73.87619,United States,False,moderate,Entire home/apt,2014.0,$ 544,$ 109,30.0,280.0
21665088,Queens,Ridgewood,40.70242,-73.90403,United States,True,moderate,Entire home/apt,2016.0,$ 795,$ 159,3.0,10.0
14253775,Queens,Woodside,40.7432,-73.91238,United States,False,flexible,Entire home/apt,2007.0,$ 807,$ 161,1.0,13.0
22278694,Manhattan,Harlem,40.81403,-73.94957,United States,True,flexible,Entire home/apt,2010.0,"$ 1,10",$ 219,1.0,158.0
37009087,Brooklyn,Bedford-Stuyvesant,40.69369,-73.94211,United States,True,strict,Entire home/apt,2021.0,"$ 1,18",$ 236,1.0,0.0
47655774,Manhattan,Murray Hill,40.74969,-73.97298,United States,False,strict,Entire home/apt,2018.0,$ 70,$ 14,5.0,27.0
31727994,Manhattan,Chelsea,40.74822,-73.9943,United States,False,moderate,Entire home/apt,2013.0,$ 383,$ 77,3.0,297.0
11641396,Queens,Arverne,40.59065,-73.79563,United States,False,strict,Entire home/apt,2013.0,$ 185,$ 37,2.0,76.0
47151524,Brooklyn,Gowanus,40.6801,-73.9866,United States,False,moderate,Entire home/apt,2020.0,"$ 1,02",$ 204,1.0,0.0
49219335,Manhattan,East Village,40.7294,-73.98021,United States,False,moderate,Private room,2007.0,"$ 1,18",$ 235,4.0,0.0
23224783,Brooklyn,Bedford-Stuyvesant,40.69567,-73.95133,United States,True,strict,Entire home/apt,2007.0,$ 536,$ 107,2.0,34.0
9428329,Queens,Ridgewood,40.70707,-73.91384,United States,False,strict,Private room,2013.0,$ 301,$ 60,2.0,186.0
44390024,Manhattan,Midtown,40.7658,-73.98218,United States,True,strict,Entire home/apt,2010.0,$ 61,$ 12,7.0,0.0
18215422,Manhattan,Harlem,40.82484,-73.93913,United States,True,strict,Private room,2009.0,$ 135,$ 27,1.0,157.0
45417854,Manhattan,Upper East Side,40.76844,-73.95341,United States,True,strict,Entire home/apt,2003.0,"$ 1,16",$ 231,3.0,0.0
15204835,Manhattan,Upper West Side,40.7744,-73.9874,United States,True,strict,Entire home/apt,2021.0,$ 668,$ 134,30.0,318.0
42229979,Manhattan,East Village,40.72844,-73.98296,United States,False,flexible,Entire home/apt,2008.0,$ 711,$ 142,3.0,5.0
3861698,Manhattan,Nolita,40.72339,-73.99477,United States,True,moderate,Private room,2022.0,$ 403,$ 81,5.0,367.0
19723754,Brooklyn,Bushwick,40.68875,-73.916,United States,False,moderate,Entire home/apt,2009.0,$ 845,$ 169,3.0,258.0
52748532,Manhattan,Lower East Side,40.72051,-73.98357,United States,False,strict,Entire home/apt,2009.0,$ 597,$ 119,30.0,193.0
12152825,Brooklyn,East Flatbush,40.65221,-73.93634,United States,True,strict,Private room,2004.0,$ 593,$ 119,5.0,0.0
4032911,Brooklyn,Cobble Hill,40.68781,-73.99415,United States,False,flexible,Entire home/apt,2009.0,$ 525,$ 105,4.0,158.0
38410824,Manhattan,Inwood,40.86747,-73.91875,United States,True,moderate,Entire home/apt,2020.0,$ 64,$ 13,30.0,339.0
31752295,Staten Island,Clifton,40.6209,-74.07516,United States,False,flexible,Private room,2006.0,$ 430,$ 86,30.0,364.0
8864983,Queens,Flushing,40.74514,-73.83137,United States,True,moderate,Private room,2020.0,$ 341,$ 68,1.0,161.0
12547168,Brooklyn,Clinton Hill,40.68513,-73.96789,United States,False,strict,Entire home/apt,2019.0,$ 282,$ 56,3.0,0.0
53385886,Queens,Long Island City,40.74462,-73.94913,United States,True,strict,Entire home/apt,2007.0,"$ 1,10",$ 221,1.0,0.0
49600422,Brooklyn,East Flatbush,40.66525,-73.92554,United States,True,strict,Entire home/apt,2021.0,$ 829,$ 166,1.0,0.0
13788738,Manhattan,Harlem,40.80722,-73.95614,United States,False,moderate,Entire home/apt,2015.0,$ 215,$ 43,1.0,0.0
29036636,Brooklyn,South Slope,40.66854,-73.98624,United States,False,flexible,Private room,2017.0,$ 64,$ 13,3.0,180.0
39967206,Manhattan,East Harlem,40.7948,-73.94835,United States,True,moderate,Private room,2009.0,$ 580,$ 116,14.0,38.0
14075934,Brooklyn,Park Slope,40.67761,-73.97767,United States,False,flexible,Private room,2003.0,$ 502,$ 100,1.0,53.0
1454774,Queens,Astoria,40.76856,-73.91828,United States,True,strict,Entire home/apt,2012.0,$ 290,$ 58,5.0,324.0
3714234,Manhattan,Inwood,40.86176,-73.93082,United States,True,flexible,Private room,2015.0,$ 631,$ 126,2.0,309.0
36248570,Manhattan,Harlem,40.82323,-73.9408,United States,True,flexible,Entire home/apt,2007.0,"$ 1,16",$ 231,30.0,219.0
56402549,Queens,Astoria,40.77572,-73.9339,United States,False,flexible,Entire home/apt,2010.0,$ 873,$ 175,5.0,0.0
31465099,Manhattan,Kips Bay,40.73813,-73.98133,United States,False,flexible,Entire home/apt,2022.0,$ 964,$ 193,30.0,217.0
49298314,Brooklyn,Williamsburg,40.71992,-73.96069,United States,True,flexible,Entire home/apt,2011.0,$ 431,$ 86,1.0,0.0
14700585,Brooklyn,Park Slope,40.67872,-73.9792,United States,False,flexible,Private room,2015.0,$ 73,$ 15,3.0,0.0
31747325,Brooklyn,Williamsburg,40.70747,-73.94856,United States,True,flexible,Entire home/apt,2010.0,"$ 1,20",$ 239,30.0,72.0
49879334,Brooklyn,Bushwick,40.69951,-73.92848,United States,False,moderate,Private room,2016.0,$ 969,$ 194,30.0,0.0
41181713,Brooklyn,Greenpoint,40.72522,-73.94563,United States,False,moderate,Private room,2004.0,$ 407,$ 81,6.0,0.0
23297687,Manhattan,Upper East Side,40.76643,-73.96181,United States,False,strict,Entire home/apt,2020.0,$ 326,$ 65,1.0,5.0
42240472,Manhattan,Chinatown,40.71463,-73.99054,United States,False,strict,Private room,2017.0,$ 853,$ 171,13.0,91.0
56683670,Brooklyn,Greenpoint,40.72282,-73.94174,United States,True,flexible,Entire home/apt,2015.0,$ 207,$ 41,30.0,326.0
7348368,Brooklyn,Williamsburg,40.70573,-73.92887,United States,False,moderate,Entire home/apt,2003.0,$ 693,$ 139,4.0,369.0
31154155,Manhattan,Midtown,40.74607,-73.98853,United States,False,flexible,Entire home/apt,2022.0,$ 983,$ 197,1.0,141.0
23305419,Queens,Springfield Gardens,40.66014,-73.7582,United States,True,strict,Entire home/apt,2006.0,$ 337,$ 67,2.0,147.0
8254692,Brooklyn,Bushwick,40.7049,-73.92,United States,True,strict,Private room,2020.0,$ 220,$ 44,1.0,330.0
41548441,Manhattan,Harlem,40.81061,-73.95125,United States,False,flexible,Entire home/apt,2003.0,$ 357,$ 71,2.0,0.0
25723941,Bronx,Hunts Point,40.81258,-73.88566,United States,True,flexible,Private room,2003.0,$ 139,$ 28,1.0,121.0
46704713,Queens,Astoria,40.76022,-73.92617,United States,False,strict,Private room,2012.0,$ 881,$ 176,1.0,0.0
44677772,Manhattan,West Village,40.73414,-74.00001,United States,True,strict,Entire home/apt,2006.0,$ 83,$ 17,3.0,0.0
38232431,Queens,Woodside,40.74679,-73.9066,United States,True,moderate,Private room,2006.0,$ 851,$ 170,30.0,345.0
34773929,Brooklyn,Fort Greene,40.68826,-73.97431,United States,True,strict,Entire home/apt,2007.0,$ 574,$ 115,30.0,33.0
24107911,Brooklyn,Bedford-Stuyvesant,40.69573,-73.95076,United States,False,strict,Entire home/apt,2014.0,$ 902,$ 180,2.0,0.0
30583629,Brooklyn,Greenpoint,40.72242,-73.94878,United States,False,strict,Private room,2016.0,$ 284,$ 57,1.0,33.0
20911199,Brooklyn,Williamsburg,40.70973,-73.96405,United States,True,strict,Private room,2015.0,$ 179,$ 36,5.0,31.0
17361014,Manhattan,West Village,40.73761,-73.99758,United States,True,flexible,Private room,2004.0,$ 893,$ 179,1.0,0.0
45493519,Queens,Richmond Hill,40.69482,-73.82551,United States,False,moderate,Private room,2011.0,$ 766,$ 153,1.0,0.0
2623993,Brooklyn,Williamsburg,40.7138,-73.96251,United States,False,strict,Private room,2014.0,"$ 1,17",$ 233,2.0,63.0
42283000,Queens,Ridgewood,40.70725,-73.89473,United States,False,moderate,Private room,2004.0,$ 820,$ 164,30.0,309.0
14110177,Manhattan,East Village,40.72767,-73.98856,United States,False,flexible,Entire home/apt,2008.0,$ 430,$ 86,2.0,29.0
45968497,Brooklyn,Bedford-Stuyvesant,40.68268,-73.94548,United States,True,strict,Entire home/apt,2020.0,$ 50,$ 10,4.0,199.0
56836657,Brooklyn,Park Slope,40.67937,-73.98126,United States,False,strict,Private room,2016.0,"$ 1,04",$ 207,7.0,0.0
4320659,Brooklyn,Canarsie,40.63269,-73.90358,United States,False,moderate,Entire home/apt,2022.0,$ 795,$ 159,4.0,280.0
29052653,Staten Island,Huguenot,40.53894,-74.16983,United States,False,moderate,Entire home/apt,2017.0,$ 463,$ 93,1.0,250.0
1445385,Brooklyn,Bedford-Stuyvesant,40.68991,-73.93179,United States,True,flexible,Entire home/apt,2018.0,$ 322,$ 64,3.0,378.0
27534380,Manhattan,Upper East Side,40.78189,-73.9455,United States,False,moderate,Private room,2015.0,$ 315,$ 63,3.0,30.0
53496346,Brooklyn,Bushwick,40.69787,-73.93091,United States,False,strict,Private room,2013.0,$ 977,$ 195,2.0,64.0
48629479,Brooklyn,Bushwick,40.7043,-73.92491,United States,True,strict,Entire home/apt,2009.0,$ 261,$ 52,7.0,418.0
35775249,Manhattan,Harlem,40.80429,-73.95661,United States,True,moderate,Private room,2013.0,$ 481,$ 96,3.0,58.0
53963040,Brooklyn,Greenpoint,40.73198,-73.95862,United States,True,moderate,Entire home/apt,2013.0,$ 578,$ 116,1.0,227.0
27712773,Manhattan,East Village,40.72823,-73.97967,United States,False,moderate,Private room,2016.0,$ 346,$ 69,5.0,11.0
46838370,Bronx,Wakefield,40.88698,-73.86049,United States,False,strict,Private room,2010.0,$ 383,$ 77,2.0,156.0
23599243,Brooklyn,Carroll Gardens,40.6766,-73.99855,United States,True,moderate,Private room,2022.0,$ 520,$ 104,3.0,178.0
17541064,Queens,Long Island City,40.75305,-73.93487,United States,True,strict,Private room,2022.0,"$ 1,19",$ 238,1.0,298.0
3703188,Manhattan,Harlem,40.80724,-73.94739,United States,True,strict,Entire home/apt,2019.0,$ 286,$ 57,1.0,56.0
36283365,Manhattan,Chinatown,40.71672,-73.99554,United States,False,flexible,Private room,2003.0,$ 518,$ 104,30.0,364.0
49840673,Manhattan,Lower East Side,40.72163,-73.98715,United States,False,strict,Private room,2006.0,"$ 1,07",$ 214,2.0,2.0
46672680,Brooklyn,Bedford-Stuyvesant,40.69173,-73.95104,United States,False,flexible,Private room,2015.0,"$ 1,19",$ 238,1.0,0.0
10968142,Queens,East Elmhurst,40.77009,-73.87708,United States,False,strict,Private room,2015.0,$ 489,$ 98,1.0,161.0
23525235,Bronx,Eastchester,40.88009,-73.83456,United States,False,strict,Private room,2014.0,"$ 1,10",$ 220,2.0,364.0
40270971,Manhattan,Harlem,40.8174,-73.94629,United States,False,flexible,Entire home/apt,2004.0,$ 559,$ 112,30.0,314.0
57237074,Bronx,Schuylerville,40.84034,-73.83007,United States,True,strict,Shared room,2006.0,"$ 1,01",$ 202,1.0,5.0
14659163,Brooklyn,Williamsburg,40.70803,-73.9591,United States,False,strict,Private room,2020.0,"$ 1,12",$ 224,1.0,24.0
13134262,Brooklyn,Bedford-Stuyvesant,40.6781,-73.90822,United States,True,strict,Entire home/apt,2015.0,$ 387,$ 77,2.0,235.0
48635002,Brooklyn,Bushwick,40.69239,-73.91443,United States,True,strict,Private room,2012.0,$ 398,$ 80,1.0,179.0
44704835,Brooklyn,Flatbush,40.64945,-73.96108,United States,True,strict,Private room,2019.0,$ 696,$ 139,7.0,0.0
56541176,Brooklyn,Bedford-Stuyvesant,40.68937,-73.9226,United States,False,flexible,Shared room,2004.0,$ 687,$ 137,1.0,0.0
53206941,Queens,Rego Park,40.72795,-73.86048,United States,True,moderate,Private room,2005.0,"$ 1,07",$ 214,3.0,305.0
9623291,Manhattan,Midtown,40.755,-73.96671,United States,False,flexible,Entire home/apt,2014.0,$ 637,$ 127,5.0,130.0
23791443,Manhattan,Lower East Side,40.71984,-73.98625,United States,False,flexible,Private room,2009.0,$ 599,$ 120,3.0,48.0
19829243,Manhattan,Midtown,40.76459,-73.97529,United States,False,moderate,Entire home/apt,2012.0,$ 639,$ 128,1.0,328.0
25991806,Queens,Glendale,40.70603,-73.89562,United States,True,strict,Entire home/apt,2013.0,$ 606,$ 121,3.0,155.0
47084143,Manhattan,Hell's Kitchen,40.76888,-73.98639,United States,False,strict,Private room,2013.0,$ 663,$ 133,2.0,316.0
31213803,Manhattan,Upper East Side,40.77088,-73.96639,United States,True,flexible,Entire home/apt,2018.0,$ 636,$ 127,30.0,332.0
23601452,Brooklyn,Bedford-Stuyvesant,40.68809,-73.95855,United States,True,moderate,Private room,2006.0,"$ 1,17",$ 234,1.0,44.0
53178774,Manhattan,Washington Heights,40.84365,-73.93982,United States,False,flexible,Private room,2017.0,$ 458,$ 92,3.0,5.0
39200613,Bronx,Unionport,40.82914,-73.85473,United States,False,flexible,Private room,2005.0,"$ 1,16",$ 231,1.0,364.0
41024308,Brooklyn,Bedford-Stuyvesant,40.67797,-73.93967,United States,True,moderate,Entire home/apt,2008.0,$ 304,$ 61,5.0,142.0
48371555,Manhattan,Midtown,40.74513,-73.98475,United States,False,moderate,Entire home/apt,2022.0,"$ 1,01",$ 202,366.0,93.0
20304221,Manhattan,Harlem,40.80722,-73.9491,United States,True,strict,Entire home/apt,2006.0,$ 730,$ 146,3.0,358.0
48228509,Manhattan,Hell's Kitchen,40.76747,-73.98613,United States,False,moderate,Entire home/apt,2012.0,$ 498,$ 100,30.0,329.0
12668674,Brooklyn,Bedford-Stuyvesant,40.6896,-73.9326,United States,True,strict,Private room,2014.0,$ 636,$ 127,1.0,0.0
43323533,Manhattan,Lower East Side,40.71546,-73.98907,United States,True,strict,Private room,2014.0,$ 409,$ 82,6.0,0.0
44166895,Brooklyn,Bedford-Stuyvesant,40.68519,-73.94176,United States,False,strict,Entire home/apt,2009.0,"$ 1,14",$ 229,2.0,255.0
10582084,Manhattan,Washington Heights,40.83669,-73.94274,United States,True,moderate,Entire home/apt,2005.0,$ 595,$ 119,3.0,308.0
35596303,Queens,Richmond Hill,40.69455,-73.82899,United States,False,moderate,Private room,2018.0,$ 332,$ 66,1.0,365.0
33252342,Brooklyn,Williamsburg,40.70757,-73.95328,United States,True,moderate,Private room,2008.0,$ 979,$ 196,2.0,32.0
21963330,Brooklyn,Crown Heights,40.67812,-73.94618,United States,True,strict,Entire home/apt,2012.0,$ 62,$ 12,3.0,81.0
38789702,Brooklyn,Fort Greene,40.69122,-73.96976,United States,True,flexible,Private room,2010.0,$ 228,$ 46,3.0,35.0
55564158,Manhattan,Chelsea,40.75151,-73.99725,United States,True,flexible,Entire home/apt,2022.0,$ 802,$ 160,3.0,357.0
34583385,Manhattan,Hell's Kitchen,40.75493,-73.9927,United States,True,moderate,Shared room,2013.0,$ 536,$ 107,1.0,365.0
31559543,Brooklyn,Flatbush,40.64246,-73.95397,United States,False,strict,Private room,2006.0,$ 575,$ 115,1.0,326.0
52704901,Queens,Flushing,40.7561,-73.80622,United States,True,flexible,Private room,2018.0,$ 407,$ 81,1.0,156.0
3300561,,,,,,,,,,,,,
14663029,Brooklyn,Williamsburg,40.70618,-73.9534,United States,True,moderate,Entire home/apt,2019.0,$ 621,$ 124,20.0,0.0
42790011,Manhattan,East Harlem,40.80022,-73.94185,United States,False,moderate,Entire home/apt,2006.0,$ 354,$ 71,1.0,86.0
5540690,Manhattan,Nolita,40.72131,-73.99429,United States,True,strict,Entire home/apt,2011.0,"$ 1,04",$ 207,2.0,257.0
24289618,Brooklyn,Williamsburg,40.7027,-73.93571,United States,True,strict,Private room,2003.0,$ 697,$ 139,3.0,0.0
38583142,Brooklyn,Bedford-Stuyvesant,40.69538,-73.94985,United States,False,moderate,Private room,2012.0,$ 495,$ 99,30.0,68.0
49145327,Manhattan,Nolita,40.72241,-73.99377,United States,True,flexible,Private room,2020.0,$ 279,$ 56,1.0,147.0
32849163,Brooklyn,Williamsburg,40.70541,-73.94094,United States,False,strict,Private room,2008.0,$ 197,$ 39,30.0,38.0
21512653,Brooklyn,Bedford-Stuyvesant,40.69853,-73.94736,United States,False,flexible,Private room,2016.0,$ 867,,2.0,310.0
39707072,Manhattan,Upper West Side,40.77886,-73.98444,United States,False,moderate,Entire home/apt,2013.0,$ 966,$ 193,7.0,0.0
7390342,Manhattan,Greenwich Village,40.72744,-73.99979,United States,True,moderate,Entire home/apt,2010.0,$ 599,$ 120,3.0,-5.0
39602135,Queens,Long Island City,40.74527,-73.94629,United States,True,moderate,Private room,2014.0,$ 465,$ 93,1.0,132.0
39778319,Brooklyn,Greenpoint,40.73425,-73.95506,United States,False,moderate,Entire home/apt,2015.0,"$ 1,04",$ 209,5.0,281.0
18188912,Brooklyn,Bedford-Stuyvesant,40.67941,-73.908,United States,True,moderate,Private room,2013.0,$ 524,$ 105,2.0,0.0
24499492,Brooklyn,Williamsburg,40.70835,-73.94163,United States,True,moderate,Private room,2021.0,$ 144,$ 29,2.0,9.0
17595190,Queens,Woodhaven,40.69113,-73.86778,United States,True,flexible,Entire home/apt,2011.0,$ 693,$ 139,4.0,113.0
13936754,Staten Island,Emerson Hill,40.60577,-74.12819,United States,False,moderate,Private room,2010.0,$ 547,$ 109,1.0,0.0
50802779,Queens,Arverne,40.58989,-73.79117,United States,False,strict,Private room,2003.0,$ 361,$ 72,1.0,156.0
47163122,Brooklyn,Crown Heights,40.67245,-73.94608,United States,False,moderate,Entire home/apt,2020.0,$ 970,$ 194,5.0,179.0
26931269,Manhattan,Upper East Side,40.76453,-73.95867,United States,False,flexible,Entire home/apt,2005.0,$ 363,$ 73,4.0,243.0
2081635,Manhattan,East Village,40.72957,-73.98406,United States,True,strict,Private room,2009.0,$ 141,$ 28,5.0,425.0
39124948,Queens,Corona,40.73798,-73.863693,United States,False,moderate,Private room,2015.0,$ 712,$ 142,1.0,340.0
51404234,Manhattan,Harlem,40.82376,-73.94198,United States,True,moderate,Private room,2010.0,$ 928,$ 186,1.0,0.0
36594862,Manhattan,West Village,40.73884,-74.00342,United States,True,strict,Hotel room,2003.0,"$ 1,11",$ 221,1.0,346.0
43741072,Manhattan,Upper East Side,40.76982,-73.95697,United States,False,moderate,Entire home/apt,2017.0,"$ 1,02",$ 204,30.0,261.0
40845915,Manhattan,Upper East Side,40.77391,-73.94816,United States,True,flexible,Entire home/apt,2006.0,"$ 1,17",$ 233,3.0,0.0
24206773,Brooklyn,Bushwick,40.69504,-73.9264,United States,True,flexible,Private room,2018.0,$ 459,$ 92,2.0,9.0
17089283,Manhattan,Financial District,40.70637,-74.00941,United States,False,moderate,Entire home/apt,2003.0,"$ 1,09",$ 219,30.0,310.0
43008169,Brooklyn,South Slope,40.66211,-73.98594,United States,False,moderate,Private room,2014.0,$ 503,$ 101,1.0,30.0
50138915,Manhattan,Chinatown,40.7135,-73.99121,United States,True,flexible,Private room,2016.0,$ 51,$ 10,1.0,51.0
2347291,Queens,Arverne,40.59204,-73.78665,United States,False,flexible,Entire home/apt,2016.0,$ 639,$ 128,1.0,204.0
36316503,Brooklyn,Williamsburg,40.71428,-73.93907,United States,True,flexible,Entire home/apt,2017.0,$ 423,$ 85,3.0,0.0
15008769,Queens,Astoria,40.7641,-73.91879,United States,True,flexible,Private room,2015.0,"$ 1,08",$ 216,2.0,0.0
45333352,Manhattan,SoHo,40.72667,-74.00179,United States,False,strict,Entire home/apt,2018.0,$ 311,$ 62,2.0,0.0
23435210,Queens,East Elmhurst,40.75675,-73.88599,United States,False,flexible,Entire home/apt,2011.0,"$ 1,07",$ 214,1.0,141.0
17753147,Manhattan,Murray Hill,40.74848,-73.97609,United States,True,strict,Private room,2017.0,$ 506,$ 101,4.0,365.0
43470997,Brooklyn,Flatbush,40.6459,-73.9642,United States,False,flexible,Entire home/apt,2014.0,$ 151,$ 30,3.0,277.0
18405414,Manhattan,Chelsea,40.7409,-73.99596,United States,False,strict,Entire home/apt,2008.0,"$ 1,11",$ 223,29.0,296.0
22352149,Manhattan,Chinatown,40.71446,-73.99112,United States,False,moderate,Private room,2009.0,"$ 1,03",$ 206,2.0,2.0
19177529,Manhattan,West Village,40.73338,-74.00314,United States,True,flexible,Entire home/apt,2022.0,$ 514,$ 103,2.0,0.0
32117918,Manhattan,Upper West Side,40.79558,-73.97208,United States,False,flexible,Private room,2015.0,$ 694,$ 139,30.0,35.0
42021762,Manhattan,Kips Bay,40.74271,-73.97533,United States,True,moderate,Entire home/apt,2021.0,$ 674,$ 135,29.0,184.0
22152769,Manhattan,Upper East Side,40.7719,-73.95521,United States,False,strict,Entire home/apt,2015.0,$ 774,$ 155,30.0,341.0
8012785,Manhattan,Hell's Kitchen,40.76564,-73.98759,United States,True,flexible,Entire home/apt,2008.0,$ 978,$ 196,3.0,166.0
30030776,Manhattan,Upper East Side,40.77208,-73.95488,United States,False,moderate,Entire home/apt,2022.0,$ 392,$ 78,30.0,122.0
30750423,Brooklyn,Williamsburg,40.71198,-73.95571,United States,False,strict,Entire home/apt,2018.0,$ 753,$ 151,5.0,60.0
9579107,Manhattan,East Village,40.72804,-73.98867,United States,True,flexible,Entire home/apt,2005.0,"$ 1,08",$ 216,5.0,105.0
37378576,Manhattan,Upper East Side,40.77249,-73.94844,United States,True,moderate,Entire home/apt,2022.0,$ 100,$ 20,3.0,0.0
19929762,Brooklyn,Bushwick,40.70442,-73.92752,United States,False,flexible,Private room,2004.0,"$ 1,13",$ 227,2.0,361.0
24028380,Brooklyn,Bedford-Stuyvesant,40.68461,-73.95203,United States,True,strict,Entire home/apt,2009.0,$ 497,$ 99,1.0,323.0
27354331,Queens,Maspeth,40.71673,-73.90009,United States,True,moderate,Private room,2019.0,$ 503,$ 101,1.0,88.0
38795225,Brooklyn,Clinton Hill,40.69167,-73.96927,United States,False,flexible,Entire home/apt,2017.0,$ 562,$ 112,2.0,43.0
35951985,Brooklyn,East Flatbush,40.64831,-73.9492,United States,False,strict,Entire home/apt,2005.0,"$ 1,14",$ 228,5.0,351.0
18146937,Manhattan,Harlem,40.81787,-73.94286,United States,False,flexible,Private room,2012.0,$ 176,$ 35,3.0,0.0
35831583,Brooklyn,Crown Heights,40.6655,-73.9308,United States,True,flexible,Private room,2014.0,$ 619,$ 124,1.0,307.0
36894761,Manhattan,Upper East Side,40.78205,-73.94776,United States,True,strict,Private room,2011.0,"$ 1,15",$ 229,30.0,89.0
54192797,Manhattan,Hell's Kitchen,40.75825,-73.98982,United States,True,flexible,Private room,2020.0,"$ 1,06",$ 212,1.0,341.0
46156279,Queens,Flushing,40.75183,-73.80665,,False,flexible,Entire home/apt,2011.0,"$ 1,01",$ 202,2.0,101.0
18012728,Manhattan,Murray Hill,40.74792,-73.97979,United States,True,flexible,Entire home/apt,2008.0,$ 154,$ 31,3.0,0.0
4315688,Manhattan,Upper West Side,40.78568,-73.97698,United States,True,strict,Entire home/apt,2012.0,"$ 1,09",$ 218,1.0,403.0
32802218,Queens,Ditmars Steinway,40.77692,-73.90735,United States,True,moderate,Entire home/apt,2003.0,"$ 1,10",$ 221,3.0,311.0
11860106,Brooklyn,Bushwick,40.69688,-73.93396,United States,False,flexible,Private room,2016.0,"$ 1,13",$ 225,2.0,36.0
15062894,Brooklyn,Crown Heights,40.67389,-73.93363,United States,True,flexible,Private room,2006.0,$ 143,$ 29,2.0,345.0
18262368,Manhattan,East Harlem,40.80451,-73.94079,United States,True,moderate,Entire home/apt,2008.0,$ 795,$ 159,2.0,59.0
18059122,Brooklyn,Sunset Park,40.66162,-73.99129,United States,True,moderate,Private room,2015.0,$ 464,$ 93,2.0,337.0
40460962,Manhattan,Midtown,40.75277,-73.96686,United States,True,moderate,Private room,2003.0,$ 877,$ 175,1.0,0.0
22829337,Manhattan,Lower East Side,40.72168,-73.98686,United States,True,flexible,Entire home/apt,2009.0,$ 73,$ 15,5.0,78.0
35419015,Queens,East Elmhurst,40.76101,-73.88445,United States,False,strict,Private room,2015.0,$ 770,$ 154,1.0,365.0
56383771,Manhattan,Financial District,40.70654,-74.00712,United States,True,flexible,Private room,2013.0,$ 651,$ 130,3.0,17.0
51007130,Manhattan,East Village,40.72798,-73.97787,United States,True,strict,Entire home/apt,2007.0,"$ 1,04",$ 207,1.0,0.0
25179373,Queens,Sunnyside,40.73614,-73.92068,United States,True,flexible,Private room,2009.0,$ 259,$ 52,30.0,245.0
18340242,Manhattan,Inwood,40.86408,-73.92257,United States,True,strict,Private room,2004.0,$ 77,$ 15,30.0,0.0
33234116,Manhattan,NoHo,40.72446,-73.99355,United States,False,moderate,Entire home/apt,2006.0,"$ 1,06",$ 213,7.0,364.0
4925980,Brooklyn,Prospect-Lefferts Gardens,40.65887,-73.95105,United States,True,moderate,Private room,2011.0,$ 174,$ 35,1.0,34.0
23608632,Queens,Elmhurst,40.73538,-73.87892,United States,True,strict,Private room,2013.0,$ 811,$ 162,28.0,0.0
24253166,Manhattan,Chelsea,40.75106,-73.99792,United States,True,flexible,Entire home/apt,2004.0,$ 470,$ 94,2.0,129.0
11902633,Manhattan,Hell's Kitchen,40.76626,-73.98338,United States,True,flexible,Entire home/apt,2014.0,$ 538,$ 108,30.0,345.0
19419436,Queens,Long Island City,40.76648,-73.94098,United States,False,strict,Private room,2018.0,"$ 1,08",$ 215,1.0,365.0
54782653,Brooklyn,East Flatbush,40.65473,-73.91846,United States,True,moderate,Private room,2016.0,"$ 1,13",$ 227,7.0,365.0
32246604,Brooklyn,Greenpoint,40.72764,-73.95304,United States,False,moderate,Entire home/apt,2005.0,$ 438,$ 88,30.0,0.0
1870656,Queens,Woodside,40.74746,-73.89712,United States,False,moderate,Entire home/apt,2011.0,"$ 1,04",$ 208,3.0,135.0
2970838,Brooklyn,Bushwick,40.69312,-73.90582,United States,False,strict,Private room,2008.0,$ 68,$ 14,1.0,170.0
26479487,Brooklyn,Crown Heights,40.67165,-73.95644,United States,False,moderate,Entire home/apt,2004.0,$ 987,$ 197,3.0,74.0
8054207,Brooklyn,Flatbush,40.6502,-73.95509,United States,True,strict,Private room,2007.0,$ 988,$ 198,7.0,14.0
31419259,Manhattan,Hell's Kitchen,40.75896,-73.9959,United States,True,moderate,Entire home/apt,2022.0,$ 60,$ 12,30.0,35.0
38725083,Brooklyn,Bedford-Stuyvesant,40.68539,-73.93638,United States,False,moderate,Private room,2015.0,$ 287,$ 57,2.0,0.0
54798670,Manhattan,East Village,40.72875,-73.98443,United States,True,moderate,Private room,2021.0,$ 181,$ 36,2.0,29.0
55802751,Brooklyn,Williamsburg,40.71598,-73.943,United States,False,flexible,Entire home/apt,2004.0,$ 309,$ 62,4.0,10.0
50070430,Brooklyn,Brooklyn Heights,40.69293,-73.99113,United States,True,flexible,Entire home/apt,2018.0,$ 134,$ 27,2.0,30.0
52764549,Manhattan,Harlem,40.80096,-73.9542,United States,True,strict,Private room,2018.0,$ 303,$ 61,6.0,8.0
51847731,Manhattan,West Village,40.73612,-73.99978,United States,True,moderate,Entire home/apt,2019.0,$ 944,$ 189,1.0,177.0
54033182,Brooklyn,Williamsburg,40.71033,-73.9647,United States,True,flexible,Private room,2021.0,$ 556,$ 111,28.0,309.0
39181283,Manhattan,Theater District,40.75965,-73.98563,United States,False,strict,Private room,2019.0,$ 380,$ 76,1.0,363.0
28039735,Queens,Arverne,40.59389,-73.7906,United States,False,strict,Entire home/apt,2017.0,$ 208,$ 42,1.0,39.0
45489653,Brooklyn,Sunset Park,40.64478,-74.01318,United States,True,flexible,Private room,2015.0,$ 361,$ 72,7.0,0.0
6204554,Brooklyn,Bushwick,40.70548,-73.91776,United States,True,flexible,Private room,2004.0,$ 899,$ 180,1.0,58.0
55287455,Queens,Bellerose,40.72908,-73.72778,United States,False,moderate,Private room,2015.0,$ 864,$ 173,3.0,343.0
2405835,Manhattan,East Village,40.72353,-73.99059,United States,False,moderate,Entire home/apt,2018.0,"$ 1,14",$ 228,30.0,195.0
55233330,Manhattan,Hell's Kitchen,40.76543,-73.98871,United States,False,moderate,Entire home/apt,2009.0,"$ 1,03",$ 205,2.0,233.0
54071843,Brooklyn,Crown Heights,40.66741,-73.92974,United States,False,moderate,Entire home/apt,2008.0,"$ 1,19",$ 238,2.0,347.0
29099599,Brooklyn,Bedford-Stuyvesant,40.68169,-73.94342,United States,False,strict,Entire home/apt,2003.0,$ 195,$ 39,2.0,238.0
37576299,Brooklyn,East Flatbush,40.64387,-73.94475,United States,True,moderate,Entire home/apt,2015.0,$ 803,$ 161,30.0,224.0
34670649,Manhattan,Harlem,40.83054,-73.94692,United States,False,strict,Private room,2015.0,$ 279,$ 56,2.0,146.0
33928357,Queens,Astoria,40.775,-73.92938,United States,True,strict,Shared room,2009.0,$ 882,$ 176,1.0,0.0
39564579,Brooklyn,Bedford-Stuyvesant,40.68371,-73.95604,United States,False,flexible,Entire home/apt,2014.0,"$ 1,12",$ 223,1.0,0.0
45594038,Manhattan,Lower East Side,40.71884,-73.99076,United States,False,flexible,Shared room,2016.0,$ 478,$ 96,2.0,0.0
41501495,Brooklyn,Williamsburg,40.71779,-73.94632,United States,True,flexible,Private room,2012.0,$ 573,$ 115,1.0,90.0
7781923,Brooklyn,Greenpoint,40.72637,-73.94467,United States,False,flexible,Private room,2015.0,$ 219,$ 44,1.0,186.0
49481678,Manhattan,Nolita,40.72339,-73.99461,United States,True,moderate,Private room,2022.0,$ 892,$ 178,91.0,34.0
10926167,Brooklyn,Williamsburg,40.71928,-73.94539,United States,True,flexible,Entire home/apt,2005.0,$ 390,$ 78,3.0,335.0
29305054,Manhattan,East Harlem,40.79643,-73.93793,United States,False,moderate,Entire home/apt,2020.0,$ 153,$ 31,1.0,123.0
38785284,Brooklyn,Bedford-Stuyvesant,40.6916,-73.94538,United States,False,flexible,Entire home/apt,2007.0,$ 833,$ 167,5.0,4.0
30201437,Manhattan,East Harlem,40.79706,-73.93332,United States,True,flexible,Entire home/apt,2007.0,$ 570,$ 114,3.0,154.0
25431222,Brooklyn,Bushwick,40.69013,-73.91177,United States,False,strict,Private room,2019.0,$ 899,$ 180,1.0,88.0
29504987,Manhattan,East Village,40.72236,-73.98136,United States,False,moderate,Entire home/apt,2010.0,"$ 1,05",$ 210,2.0,210.0
13692638,Brooklyn,Gowanus,40.6697,-73.99357,United States,False,flexible,Private room,2006.0,$ 870,$ 174,1.0,282.0
55772375,Brooklyn,Bedford-Stuyvesant,40.69334,-73.93849,United States,True,strict,Private room,2022.0,$ 245,$ 49,2.0,0.0
8977653,Manhattan,Inwood,40.86679,-73.92552,United States,False,moderate,Private room,2020.0,$ 400,$ 80,3.0,44.0
56255637,Manhattan,Lower East Side,40.72068,-73.99291,United States,True,strict,Entire home/apt,2017.0,$ 914,$ 183,30.0,4.0
17958051,Manhattan,Midtown,40.75132,-73.96926,United States,True,strict,Entire home/apt,2013.0,$ 785,$ 157,30.0,364.0
51909036,Brooklyn,Williamsburg,40.7089,-73.95632,United States,True,strict,Entire home/apt,2011.0,$ 491,$ 98,2.0,0.0
45188650,Brooklyn,Williamsburg,40.71555,-73.94842,United States,True,flexible,Entire home/apt,2021.0,$ 820,$ 164,2.0,0.0
57160305,Brooklyn,Crown Heights,40.67756,-73.95427,United States,False,strict,Private room,2013.0,$ 678,$ 136,4.0,18.0
27599552,Manhattan,Chelsea,40.75095,-73.99542,United States,False,strict,Entire home/apt,2005.0,$ 489,$ 98,3.0,7.0
48977980,Brooklyn,East Flatbush,40.63337,-73.94578,United States,False,flexible,Private room,2005.0,$ 819,$ 164,1.0,109.0
21383968,Queens,Astoria,40.76553,-73.91625,United States,False,flexible,Entire home/apt,2013.0,$ 312,$ 62,4.0,12.0
18851672,Brooklyn,Crown Heights,40.67128,-73.93664,United States,True,strict,Entire home/apt,2022.0,$ 773,$ 155,7.0,0.0
24508329,Manhattan,Harlem,40.82364,-73.95433,United States,False,strict,Private room,2007.0,"$ 1,07",$ 214,4.0,80.0
29613238,Brooklyn,East Flatbush,40.64787,-73.95127,United States,False,strict,Entire home/apt,2022.0,$ 537,$ 107,2.0,146.0
25977999,Manhattan,Hell's Kitchen,40.75546,-73.99416,United States,True,flexible,Entire home/apt,2017.0,$ 273,$ 55,30.0,176.0
28910160,Brooklyn,Flatbush,40.64284,-73.95598,United States,True,moderate,Entire home/apt,2004.0,$ 159,$ 32,1.0,0.0
9795609,Manhattan,Hell's Kitchen,40.76313,-73.99482,United States,False,flexible,Entire home/apt,2011.0,$ 938,$ 188,30.0,191.0
22590743,Manhattan,Washington Heights,40.85025,-73.94105,United States,True,moderate,Private room,2004.0,$ 958,$ 192,1.0,49.0
46367258,Manhattan,Hell's Kitchen,40.76764,-73.98468,United States,True,strict,Private room,2015.0,$ 837,$ 167,2.0,239.0
25949832,Queens,Flushing,40.75862,-73.82606,United States,False,moderate,Shared room,2015.0,$ 734,$ 147,2.0,90.0
54977615,Brooklyn,Williamsburg,40.71722,-73.95361,United States,False,flexible,Entire home/apt,2018.0,$ 440,$ 88,2.0,27.0
51309238,Brooklyn,Boerum Hill,40.68583,-73.98267,United States,False,flexible,Entire home/apt,2016.0,$ 988,$ 198,2.0,3.0
44481154,Manhattan,West Village,40.73115,-74.00429,United States,False,moderate,Entire home/apt,2016.0,"$ 1,13",$ 225,1.0,0.0
45760833,Brooklyn,Bedford-Stuyvesant,40.6861,-73.93997,United States,True,moderate,Entire home/apt,2021.0,"$ 1,09",$ 218,2.0,88.0
29218343,Brooklyn,Bushwick,40.68812,-73.91441,United States,False,moderate,Private room,2007.0,$ 164,$ 33,1.0,331.0
56954849,Manhattan,NoHo,40.72569,-73.99519,United States,True,flexible,Entire home/apt,2012.0,"$ 1,14",$ 228,3.0,336.0
30824431,Queens,Briarwood,40.70746776,-73.81425448,United States,True,flexible,Entire home/apt,2010.0,$ 230,$ 46,2.0,64.0
6048806,Brooklyn,Williamsburg,40.71838,-73.9563,United States,False,strict,Entire home/apt,2013.0,$ 971,$ 194,1.0,373.0
3197833,Brooklyn,Red Hook,40.68075,-74.00961,United States,True,flexible,Entire home/apt,2018.0,$ 358,$ 72,2.0,185.0
44728584,Manhattan,Upper East Side,40.7683,-73.95919,United States,True,strict,Entire home/apt,2003.0,$ 151,$ 30,4.0,4.0
14853020,Manhattan,Morningside Heights,40.807,-73.96452,United States,False,flexible,Entire home/apt,2018.0,$ 672,$ 134,2.0,0.0
36133691,Bronx,Olinville,40.88066,-73.86597,United States,False,flexible,Private room,2017.0,"$ 1,03",$ 205,8.0,11.0
35287015,Brooklyn,East Flatbush,40.64534,-73.93101,United States,False,strict,Private room,2014.0,$ 705,$ 141,2.0,365.0
41277814,Manhattan,Harlem,40.82855,-73.94033,United States,False,flexible,Private room,2003.0,$ 814,$ 163,3.0,0.0
48431203,Brooklyn,Sunset Park,40.64748,-73.99802,United States,True,strict,Private room,2010.0,$ 506,$ 101,3.0,207.0
35707316,Manhattan,Financial District,40.70895,-74.01282,United States,True,strict,Entire home/apt,2011.0,"$ 1,01",$ 203,30.0,363.0
1578490,Manhattan,Upper East Side,40.77548,-73.95183,United States,False,strict,Private room,2014.0,$ 198,$ 40,5.0,115.0
33241296,Brooklyn,Crown Heights,40.6731,-73.94114,United States,True,strict,Entire home/apt,2018.0,$ 559,$ 112,30.0,338.0
1973936,Manhattan,Inwood,40.8678,-73.92619,United States,True,flexible,Private room,2015.0,"$ 1,11",$ 222,2.0,309.0
20410263,Brooklyn,South Slope,40.66875,-73.98779,United States,True,strict,Entire home/apt,2006.0,"$ 1,07",$ 213,31.0,281.0
32839222,Manhattan,Financial District,40.70659,-74.00436,United States,False,flexible,Private room,2011.0,$ 751,$ 150,1.0,46.0
38079444,Manhattan,East Harlem,40.79657,-73.93379,United States,True,strict,Entire home/apt,2012.0,$ 484,$ 97,30.0,242.0
47086353,Brooklyn,East Flatbush,40.63568,-73.94746,United States,True,moderate,Private room,2022.0,"$ 1,05",$ 209,4.0,88.0
10840561,Manhattan,Hell's Kitchen,40.76686,-73.98393,United States,False,strict,Private room,2020.0,$ 948,$ 190,2.0,0.0
15131932,Manhattan,Hell's Kitchen,40.76557,-73.98949,United States,False,strict,Entire home/apt,2012.0,"$ 1,17",$ 234,3.0,60.0
53960278,Brooklyn,Prospect-Lefferts Gardens,40.66342,-73.94519,United States,True,strict,Private room,2004.0,$ 601,$ 120,1.0,316.0
46743927,Staten Island,Concord,40.59669,-74.08645,United States,True,flexible,Private room,2019.0,"$ 1,04",$ 209,4.0,333.0
17335056,Queens,Ridgewood,40.69847,-73.90735,United States,True,flexible,Private room,2014.0,$ 378,$ 76,1.0,47.0
27218465,Manhattan,East Harlem,40.80622,-73.93875,United States,True,flexible,Entire home/apt,2022.0,$ 77,$ 15,2.0,3.0
45194173,Queens,Jamaica,40.67365,-73.76502,United States,False,flexible,Private room,2015.0,$ 687,$ 137,7.0,0.0
28383818,Manhattan,Harlem,40.81475,-73.94867,United States,False,moderate,Entire home/apt,2020.0,$ 943,$ 189,10.0,27.0
36074043,Manhattan,Hell's Kitchen,40.76387,-73.98733,United States,False,strict,Entire home/apt,2011.0,$ 366,$ 73,2.0,300.0
35343350,Brooklyn,Brownsville,40.66228,-73.92014,United States,False,flexible,Private room,2011.0,$ 156,$ 31,1.0,180.0
9616664,Bronx,Wakefield,40.89118,-73.84987,United States,True,strict,Entire home/apt,2006.0,$ 432,$ 86,3.0,26.0
19863486,Brooklyn,Williamsburg,40.70917,-73.93513,United States,False,strict,Private room,2009.0,$ 913,$ 183,2.0,21.0
38272197,Brooklyn,Crown Heights,40.67333,-73.96272,United States,False,moderate,Entire home/apt,2015.0,$ 828,$ 166,30.0,0.0
16161971,Manhattan,Morningside Heights,40.80431,-73.96615,United States,True,flexible,Entire home/apt,2017.0,"$ 1,14",$ 228,12.0,0.0
31377836,Manhattan,Chelsea,40.75264,-73.9956,United States,True,strict,Entire home/apt,2022.0,$ 745,$ 149,3.0,85.0
49097277,Brooklyn,Bushwick,40.70381,-73.91922,United States,True,strict,Private room,2016.0,$ 775,$ 155,2.0,0.0
3784376,Manhattan,East Harlem,40.79319,-73.94209,United States,False,strict,Private room,2017.0,$ 861,$ 172,21.0,206.0
10681498,Brooklyn,Bedford-Stuyvesant,40.68155,-73.93639,United States,False,moderate,Private room,2004.0,$ 345,$ 69,3.0,0.0
24236045,Manhattan,Chelsea,40.7492,-73.99073,United States,False,moderate,Private room,2012.0,$ 659,$ 132,1.0,319.0
16731392,Bronx,Van Nest,40.84279,-73.86527,United States,False,strict,Entire home/apt,2022.0,$ 69,$ 14,2.0,89.0
18144176,Manhattan,Upper East Side,40.76692,-73.95298,United States,False,flexible,Entire home/apt,2019.0,$ 842,$ 168,2.0,78.0
24100731,Queens,Ridgewood,40.70075,-73.90741,United States,False,moderate,Private room,2021.0,$ 863,$ 173,45.0,330.0
2406940,Brooklyn,Williamsburg,40.71063,-73.96774,United States,True,strict,Entire home/apt,2014.0,$ 701,$ 140,3.0,34.0
53844295,Manhattan,Harlem,40.81279,-73.95208,United States,True,flexible,Private room,2010.0,$ 342,$ 68,3.0,0.0
21068604,Bronx,Pelham Bay,40.8546,-73.83026,United States,False,strict,Entire home/apt,2010.0,"$ 1,06",$ 211,2.0,1.0
18725195,Manhattan,Tribeca,40.71809,-74.01205,United States,True,flexible,Entire home/apt,2006.0,"$ 1,09",$ 219,1.0,44.0
51810175,Manhattan,Chelsea,40.75538,-74.00441,United States,False,moderate,Shared room,2009.0,$ 630,$ 126,27.0,365.0
14305691,Brooklyn,Bedford-Stuyvesant,40.69232,-73.93446,United States,False,moderate,Private room,2014.0,$ 103,$ 21,2.0,0.0
21955046,Brooklyn,Bedford-Stuyvesant,40.69122,-73.93753,United States,True,moderate,Private room,2008.0,$ 110,$ 22,2.0,21.0
35125192,Brooklyn,Williamsburg,40.71896,-73.9427,United States,False,strict,Entire home/apt,2022.0,$ 251,$ 50,30.0,335.0
46665500,Brooklyn,Fort Greene,40.68531,-73.97451,United States,True,strict,Private room,2022.0,"$ 1,01",$ 201,1.0,41.0
53037385,Queens,Ridgewood,40.69928,-73.90616,United States,True,strict,Private room,2016.0,"$ 1,05",$ 209,1.0,162.0
